{"format_version":"1.10.0","animation_controllers":{"controller.animation.player.arms.sprint":{"states":{"default":{"animations":["lean.forward"],"transitions":[{"sprint":"query.is_sprinting"}],"blend_transition":0.3},"sprint":{"animations":["sprint.arms","move.arms.custom","sprint_easter_egg.timer1"],"transitions":[{"default":"!query.is_sprinting"},{"sprint_easter_egg":"query.all_animations_finished"},{"sprint0":"!query.is_on_ground"}],"blend_transition":0.1},"sprint0":{"animations":["sprint.arms","move.arms.custom","sprint_easter_egg.timer1","root_sprint_jump1"],"transitions":[{"default":"!query.is_sprinting"},{"sprint_easter_egg":"query.all_animations_finished"},{"sprint":"query.is_on_ground"}],"blend_transition":0.1}}},"controller.animation.player.in.air":{"states":{"default":{"transitions":[{"jump":"!query.is_on_ground"}],"blend_transition":0.1},"jump":{"animations":["in.air","in.air.root","fly","jump"],"transitions":[{"default":"query.is_on_ground"}],"blend_transition":0.1}}}}}