[
  {
    "flipbook_texture": "textures/blocks/water_still_grey",
    "atlas_tile": "still_water_grey",
    "replicate": 1,
    "frames": [ 0, 1, 2, 3, 4, 5, 6, 7, 8, 9, 10, 12, 13, 14, 15, 16, 17, 18, 19, 20, 21, 22, 23, 24 ]
  },
  {
    "flipbook_texture": "textures/blocks/water_flow_grey",
    "atlas_tile": "flowing_water_grey",
    "replicate": 2,
    "frames": [ 0, 1, 2, 3, 4, 5, 6, 7, 8, 9, 10, 12, 13, 14, 15, 16, 17, 18, 19, 20, 21, 22, 23, 24 ]
  },
  {
    "flipbook_texture": "textures/blocks/cauldron_water",
    "atlas_tile": "cauldron_water",
    "ticks_per_frame": 2,
    "frames": [ 0, 1, 2, 3, 4, 5, 6, 7, 8, 9, 10, 12, 13, 14, 15, 16, 17, 18, 19, 20, 21, 22, 23, 24 ]
  },
  {
    "flipbook_texture": "textures/blocks/lava_still",
    "atlas_tile": "still_lava",
    "ticks_per_frame": 16,
    "frames": [ 0, 1, 2, 3, 4, 5, 6, 7, 8, 9, 10, 12, 13, 14, 15, 16, 17, 18, 19, 20, 21, 22, 23, 24 ]
  },
  {
    "flipbook_texture": "textures/blocks/lava_flow",
    "atlas_tile": "flowing_lava",
    "ticks_per_frame": 14,
    "frames": [ 0, 1, 2, 3, 4, 5, 6, 7, 8, 9, 10, 12, 13, 14, 15, 16, 17, 18, 19, 20, 21, 22, 23, 24, 25 ],
    "replicate": 2
  },
  {
    "flipbook_texture": "textures/blocks/beacon",
    "atlas_tile": "beacon",
    "ticks_per_frame": 2,
    "frames": [ 0, 1, 2, 3, 4, 5, 6, 7, 8, 9, 10, 11, 12, 13, 14, 15, 14, 13, 12, 11, 10, 9, 8, 8, 7, 6, 5, 4, 3, 2, 1 ],
    "blend_frames": true
  },
  {
    "flipbook_texture": "textures/blocks/furnace_front_on",
    "atlas_tile": "furnace_front_on",
    "ticks_per_frame": 5,
    "frames": [ 0, 1, 2, 3, 4 ],
    "blend_frames": true
  },
  {
    "flipbook_texture": "textures/blocks/glowstone",
    "atlas_tile": "glowstone",
    "ticks_per_frame": 5,
    "frames": [ 0, 1, 2, 3, 4, 5, 6, 5, 4, 3, 2, 1 ],
    "blend_frames": true
  },
  {
    "flipbook_texture": "textures/blocks/portal",
    "atlas_tile": "portal",
    "ticks_per_frame": 3,
    "frames": [ 0, 1, 2, 3, 4, 5, 6, 7, 8, 9, 10, 11, 12, 13, 14, 15, 16, 17, 18, 19, 20, 21, 22, 23, 24, 25, 26, 27, 28, 29, 30, 31 ],
    "blend_frames": true
  },
  {
    "flipbook_texture": "textures/blocks/pumpkin_face_on",
    "atlas_tile": "pumpkin_face_on",
    "ticks_per_frame": 2,
    "frames": [ 2, 3, 3, 2, 3, 1, 0, 3, 4, 2, 3, 4, 1, 4, 3, 0, 4, 3, 2, 1, 3, 2, 4, 1, 4, 2, 0, 4, 1, 3, 4, 2, 3, 4, 1 ],
    "blend_frames": true
  },
  {
    "flipbook_texture": "textures/blocks/redstone_lamp_on",
    "atlas_tile": "redstone_lamp_on",
    "ticks_per_frame": 2,
    "frames": [ 0, 0, 0, 0, 0, 0, 0, 0, 0, 0, 0, 0, 0, 0, 0, 0, 0, 0, 0, 0, 0, 0, 0, 0, 0, 0, 0, 0, 0, 0, 0,0, 1, 0, 0, 0, 0, 0, 0, 0, 0, 0, 0, 0, 0, 0, 0, 0, 0, 0, 0, 0, 0, 0, 0, 0, 0, 0, 0, 0, 0, 0, 0, 0, 0, 0, 0, 0, 2, 0, 0, 0, 0, 0, 0, 0, 0, 0, 0, 0, 0, 0, 0, 0, 0, 0, 0, 0, 0, 0, 0, 0, 0, 0, 0, 0, 0, 0, 0, 0, 0, 0, 0, 0, 0, 0, 0, 1, 0, 0, 0, 3, 0, 0, 0, 0, 1, 0, 1, 2, 0, 2, 3, 0, 0, 0, 0, 0, 0, 0, 0, 0, 0, 0, 0, 0, 0, 0, 0, 0, 0, 0, 0, 1, 0, 0, 0, 0, 1, 0, 0, 0, 0, 4, 3, 0, 2, 1 ],
    "blend_frames": true
  }  
]
