{
	"format_version": "1.10.0",
	"animations": {
		"animation.player.move.arms.sprint.crazy": {
			"loop": true,
			"bones": {
				"leftarm": {
					"rotation": ["!query.is_swimming ? (-variable.tsin2 * 0.5 -200*query.modified_move_speed) : 0", "!query.is_swimming ? (variable.tsin3 * 0.5) : 0", "!query.is_swimming ? (variable.tcos3 * 0.5 + query.modified_move_speed * 40) : 0"]
				},
				"rightarm": {
					"rotation": ["!query.is_swimming ? (-variable.tsin3 * 0.5 -200*query.modified_move_speed) : 0", "!query.is_swimming ? (variable.tsin2 * 0.5) : 0", "!query.is_swimming ? (-variable.tcos2 * 0.5 + query.modified_move_speed * -40) : 0"]
				},
				"head": {
					"rotation": ["!query.is_swimming ? (variable.tsin4 * 0.3) : 0", "!query.is_swimming ? (-variable.tsin4 * 0.3) : 0", "!query.is_swimming ? (!query.is_sneaking ? (-variable.tcos4 * 0.3) : 0) : 0"]
				},
				"root": {
					"position": [0.0, "!query.is_sneaking ?(variable.tcos6 * 0.0875) : 0", 0.0]
				}
			}
		}
	}
}