{"random.door_close":{"category":"block","sounds":[{"name":"sounds/random/door_close","volume":0.5,"load_on_low_memory":true},"sounds/random/door_close1","sounds/random/door_close2","sounds/random/door_close3"]},"random.door_open":{"category":"block","sounds":[{"name":"sounds/random/door_open","volume":0.5,"load_on_low_memory":true},"sounds/random/door_open1","sounds/random/door_open2","sounds/random/door_open3"]},"crossbow.loading.start":{"category":"neutral","sounds":[{"name":"sounds/crossbow/loading_start","volume":1.4}]},"crossbow.shoot":{"category":"neutral","sounds":[{"name":"sounds/crossbow/shoot1","volume":0.3,"load_on_low_memory":true},"sounds/crossbow/shoot2","sounds/crossbow/shoot3"]},"random.orb":{"category":"player","sounds":[{"name":"sounds/random/orb","volume":0.72,"load_on_low_memory":true}]},"liquid.water":{"category":"block","sounds":[{"name":"sounds/liquid/water","volume":0.11,"load_on_low_memory":true}]},"game.player.die":{"category":"player","sounds":[{"name":"sounds/damage/heart1"}]}}