{
  "format_version": "1.10.0",
  "minecraft:attachable": {
    "description": {
      "identifier": "seigz:jetpack_iron.player",
      "item": { "seigz:jetpack_iron": "query.owner_identifier == 'minecraft:player'" },
      "materials": {
        "default": "armor",
        "enchanted": "armor_enchanted"
      },
      "textures": {
        "default": "textures/jetpack/jetpack_iron",
        "enchanted": "textures/misc/enchanted_item_glint"
      },
      "geometry": {
        "default": "geometry.jetpack"
      },
      "scripts": {
        "parent_setup": "variable.chest_layer_visible = 0.0;"
      },
      "render_controllers": [ "controller.render.armor" ]
    }
  }
}
