{
	"format_version": "1.10.0",
	"geometry.descapotado": {
		"texturewidth": 256,
		"textureheight": 256,
		"visible_bounds_width": 6,
		"visible_bounds_height": 2,
		"visible_bounds_offset": [0, 1, 0],
		"bones": [
			{
				"name": "body",
				"pivot": [0, 24, 0],
				"cubes": [
					{"origin": [7, 16, -21], "size": [2, 2, 1], "uv": [246, 251]},
					{"origin": [-16, 8, 25], "size": [32, 11, 3], "uv": [52, 225]},
					{"origin": [-16, 3.1, 14], "size": [32, 5, 12], "uv": [79, 235]},
					{"origin": [-15, 3.1, -1], "size": [14, 18, 3], "uv": [6, 232]},
					{"origin": [-15, 3, -12], "size": [14, 5, 11], "uv": [41, 240]},
					{"origin": [1, 3.1, -1], "size": [14, 18, 3], "uv": [6, 232]},
					{"origin": [1, 3, -12], "size": [14, 5, 11], "uv": [41, 240]},
					{"origin": [-18.5, 3, -48.7], "size": [37, 2, 4], "uv": [173, 250]},
					{"origin": [-18.5, 3, 46], "size": [37, 2, 4], "uv": [173, 250]},
					{"origin": [-18, 12, -39], "size": [1, 6, 74], "uv": [0, 0]},
					{"origin": [-18, 4, -26], "size": [1, 8, 56], "uv": [0, 0]},
					{"origin": [-17, 17, -39], "size": [34, 1, 15], "uv": [0, 0]},
					{"origin": [-18, 12, -41], "size": [1, 5, 2], "uv": [0, 0]},
					{"origin": [-18, 12, -43], "size": [1, 4, 2], "uv": [0, 0]},
					{"origin": [-18, 12, -45], "size": [1, 3, 2], "uv": [0, 0]},
					{"origin": [-17, 17, -24], "size": [34, 1, 2], "uv": [186, 241]},
					{"origin": [-17, 4, -22], "size": [34, 14, 1], "uv": [185, 240]},
					{"origin": [-17, 3, -5], "size": [34, 1, 13], "uv": [161, 242]},
					{"origin": [-17, 3, 8], "size": [34, 1, 13], "uv": [161, 241]},
					{"origin": [-18, 3.77, -47.85], "size": [36, 10, 1], "uv": [0, 0]},
					{"origin": [-18, 12, -47], "size": [1, 2, 2], "uv": [0, 0]},
					{"origin": [17, 4, -26], "size": [1, 8, 56], "uv": [0, 0]},
					{"origin": [17, 12, -39], "size": [1, 6, 74], "uv": [0, 0]},
					{"origin": [17, 12, -43], "size": [1, 4, 2], "uv": [0, 0]},
					{"origin": [17, 12, -41], "size": [1, 5, 2], "uv": [0, 0]},
					{"origin": [17, 12, -45], "size": [1, 3, 2], "uv": [0, 0]},
					{"origin": [17, 12, -47], "size": [1, 2, 2], "uv": [0, 0]},
					{"origin": [-18, 4, -47], "size": [1, 8, 7], "uv": [0, 0]},
					{"origin": [-18, 11, -40], "size": [1, 1, 2], "uv": [0, 0]},
					{"origin": [-17, 13, -41], "size": [3, 1, 16], "uv": [217, 238]},
					{"origin": [-18, 11, -28], "size": [1, 1, 2], "uv": [0, 0]},
					{"origin": [-18, 10, -27], "size": [1, 1, 1], "uv": [0, 0]},
					{"origin": [-18, 10, -40], "size": [1, 1, 1], "uv": [0, 0]},
					{"origin": [-17, 5, -41], "size": [3, 8, 1], "uv": [217, 238]},
					{"origin": [-17, 4, -26], "size": [3, 9, 1], "uv": [217, 238]},
					{"origin": [-14, 3, -41], "size": [1, 11, 16], "uv": [221, 230]},
					{"origin": [-17, 3, -26], "size": [34, 1, 4], "uv": [179, 251]},
					{"origin": [-14, 3, -40], "size": [28, 1, 14], "uv": [159, 240]},
					{"origin": [-17, 3, -45], "size": [34, 1, 5], "uv": [177, 250]},
					{"origin": [13, 4, -41], "size": [1, 10, 16], "uv": [221, 230]},
					{"origin": [14, 5, -26], "size": [3, 8, 1], "uv": [217, 238]},
					{"origin": [14, 5, -41], "size": [3, 8, 1], "uv": [217, 238]},
					{"origin": [14, 13, -41], "size": [3, 1, 16], "uv": [217, 238]},
					{"origin": [17, 4, -47], "size": [1, 8, 7], "uv": [0, 0]},
					{"origin": [17, 10, -40], "size": [1, 1, 1], "uv": [0, 0]},
					{"origin": [17, 11, -40], "size": [1, 1, 2], "uv": [0, 0]},
					{"origin": [17, 11, -28], "size": [1, 1, 2], "uv": [0, 0]},
					{"origin": [17, 10, -27], "size": [1, 1, 1], "uv": [0, 0]},
					{"origin": [-17, 17, 31], "size": [34, 1, 14], "uv": [0, 0]},
					{"origin": [-17, 17, 29], "size": [34, 1, 2], "uv": [184, 253]},
					{"origin": [-17, 4, 28], "size": [34, 14, 1], "uv": [184, 253]},
					{"origin": [-17, 3, 21], "size": [34, 1, 9], "uv": [169, 246]},
					{"origin": [17, 10, 43], "size": [1, 1, 1], "uv": [0, 0]},
					{"origin": [17, 11, 42], "size": [1, 1, 2], "uv": [0, 0]},
					{"origin": [17, 11, 30], "size": [1, 1, 2], "uv": [0, 0]},
					{"origin": [17, 10, 30], "size": [1, 1, 1], "uv": [0, 0]},
					{"origin": [17, 12, 35], "size": [1, 6, 10], "uv": [0, 0]},
					{"origin": [-18, 12, 35], "size": [1, 6, 10], "uv": [0, 0]},
					{"origin": [-18, 10, 43], "size": [1, 1, 1], "uv": [0, 0]},
					{"origin": [-18, 11, 42], "size": [1, 1, 2], "uv": [0, 0]},
					{"origin": [-18, 10, 30], "size": [1, 1, 1], "uv": [0, 0]},
					{"origin": [-18, 11, 30], "size": [1, 1, 2], "uv": [0, 0]},
					{"origin": [-17, 5, 44], "size": [3, 8, 1], "uv": [217, 238]},
					{"origin": [14, 5, 44], "size": [3, 8, 1], "uv": [217, 238]},
					{"origin": [13, 4, 29], "size": [1, 10, 16], "uv": [221, 230]},
					{"origin": [14, 5, 29], "size": [3, 8, 1], "uv": [217, 238]},
					{"origin": [14, 13, 29], "size": [3, 1, 16], "uv": [217, 238]},
					{"origin": [-17, 13, 29], "size": [3, 1, 16], "uv": [217, 238]},
					{"origin": [-17, 5, 29], "size": [3, 8, 1], "uv": [217, 238]},
					{"origin": [-14, 4, 29], "size": [1, 10, 16], "uv": [221, 230]},
					{"origin": [17, 4, 44], "size": [1, 8, 1], "uv": [0, 0]},
					{"origin": [-18, 4, 44], "size": [1, 8, 1], "uv": [0, 0]},
					{"origin": [-17, 3, 44], "size": [34, 1, 5], "uv": [159, 240]},
					{"origin": [-14, 3, 30], "size": [28, 1, 14], "uv": [159, 240]},
					{"origin": [-17, 3, -18], "size": [34, 1, 13], "uv": [161, 242]},
					{"origin": [-17, 3, -22], "size": [34, 1, 4], "uv": [181, 251]},
					{"origin": [-18, 4, 45], "size": [36, 13, 4], "uv": [0, 0]},
					{"origin": [-18, 17, 45], "size": [36, 1, 3], "uv": [0, 0]},
					{"origin": [12, 13, -19], "size": [1, 8, 1], "uv": [0, 180]},
					{"origin": [3, 13, -19], "size": [1, 8, 1], "uv": [0, 180]},
					{"origin": [4, 21, -19], "size": [8, 1, 1], "uv": [0, 180]},
					{"origin": [4, 12, -19], "size": [8, 1, 1], "uv": [0, 180]},
					{"origin": [7, 16, -20], "size": [2, 2, 2], "uv": [0, 180]},
					{"origin": [17.5, 15, -6], "size": [1, 1, 3], "uv": [0, 167]},
					{"origin": [17.5, 15, 18], "size": [1, 1, 3], "uv": [0, 167]},
					{"origin": [17, 4, 1], "size": [1, 14, 1], "uv": [182, 74], "inflate": 0.1},
					{"origin": [10, 7, -48.5], "size": [4, 4, 1], "uv": [8, 139]},
					{"origin": [9, 7, -48.4], "size": [1, 4, 1], "uv": [188, 70]},
					{"origin": [14, 7, -48.4], "size": [1, 4, 1], "uv": [188, 70]},
					{"origin": [10, 11, -48.4], "size": [4, 1, 1], "uv": [188, 70]},
					{"origin": [10, 6, -48.4], "size": [4, 1, 1], "uv": [188, 70]},
					{"origin": [-18.5, 15, 18], "size": [1, 1, 3], "uv": [0, 167]},
					{"origin": [-18, 4, 1], "size": [1, 14, 1], "uv": [182, 74], "inflate": 0.1},
					{"origin": [-18.5, 15, -6], "size": [1, 1, 3], "uv": [0, 167]},
					{"origin": [-17.5, 15, 18], "size": [1, 1, 3], "uv": [0, 167]},
					{"origin": [-17.5, 15, -6], "size": [1, 1, 3], "uv": [0, 167]},
					{"origin": [16.5, 15, 18], "size": [1, 1, 3], "uv": [0, 167]},
					{"origin": [16.5, 15, -6], "size": [1, 1, 3], "uv": [0, 167]},
					{"origin": [-14, 7, -48.5], "size": [4, 4, 1], "uv": [8, 139]},
					{"origin": [-15, 7, -48.4], "size": [1, 4, 1], "uv": [188, 70]},
					{"origin": [-14, 11, -48.4], "size": [4, 1, 1], "uv": [188, 70]},
					{"origin": [-10, 7, -48.4], "size": [1, 4, 1], "uv": [188, 70]},
					{"origin": [-14, 6, -48.4], "size": [4, 1, 1], "uv": [188, 70]},
					{"origin": [12, 11, 48.6], "size": [2, 3, 1], "uv": [7, 144]},
					{"origin": [11, 14, 48.6], "size": [4, 1, 1], "uv": [181, 70]},
					{"origin": [12, 9, 48.6], "size": [2, 2, 1], "uv": [39, 144]},
					{"origin": [11, 9, 48.6], "size": [1, 5, 1], "uv": [188, 70]},
					{"origin": [14, 9, 48.6], "size": [1, 5, 1], "uv": [188, 70]},
					{"origin": [11, 8, 48.6], "size": [4, 1, 1], "uv": [181, 70]},
					{"origin": [-15, 9, 48.6], "size": [1, 5, 1], "uv": [188, 70]},
					{"origin": [-15, 14, 48.6], "size": [4, 1, 1], "uv": [181, 70]},
					{"origin": [-12, 9, 48.6], "size": [1, 5, 1], "uv": [188, 70]},
					{"origin": [-14, 11, 48.6], "size": [2, 3, 1], "uv": [7, 144]},
					{"origin": [-14, 9, 48.6], "size": [2, 2, 1], "uv": [39, 144]},
					{"origin": [-15, 8, 48.6], "size": [4, 1, 1], "uv": [181, 70]},
					{"origin": [-4, 8, 48.6], "size": [9, 3, 1], "uv": [1, 113]},
					{"origin": [-4, 7.5, -48.5], "size": [9, 3, 1], "uv": [1, 113]},
					{"origin": [-5, 13, -21.5], "size": [6, 3, 1], "uv": [0, 180]},
					{"origin": [-15.5, 12, -21.7], "size": [8, 4, 1], "uv": [192, 175]},
					{"origin": [-0.5, 13.2, -21.2], "size": [1, 1, 1], "uv": [0, 0], "inflate": -0.2},
					{"origin": [-4.5, 13.2, -21.2], "size": [1, 1, 1], "uv": [0, 0], "inflate": -0.2},
					{"origin": [-4, 14.1, -21.2], "size": [4, 2, 1], "uv": [0, 108], "inflate": -0.2},
					{"origin": [-13.7, 14.3, -21.4], "size": [4, 1, 1], "uv": [0, 192], "inflate": -0.2},
					{"origin": [9.4, 13.9, -21.2], "size": [2, 3, 1], "uv": [20, 109], "inflate": -0.2},
					{"origin": [7.8, 14.3, -21.2], "size": [2, 3, 1], "uv": [21, 108], "inflate": -0.2},
					{"origin": [6.2, 14.3, -21.2], "size": [2, 3, 1], "uv": [29, 119], "inflate": -0.2},
					{"origin": [4.6, 13.9, -21.2], "size": [2, 3, 1], "uv": [15, 112], "inflate": -0.2},
					{"origin": [-21, 17.9, -22.5], "size": [3, 2, 1], "uv": [0, 0]},
					{"origin": [17.9, 17.9, -22.5], "size": [3, 2, 1], "uv": [0, 0]},
					{"origin": [17.9, 17.9, -22.3], "size": [3, 2, 1], "uv": [0, 100], "inflate": -0.15},
					{"origin": [-21, 17.9, -22.3], "size": [3, 2, 1], "uv": [0, 100], "inflate": -0.15},
					{"origin": [-18, 29, -14.8], "size": [36, 2, 2], "uv": [0, 0]}
				]
			},
			{
				"name": "leg0",
				"pivot": [0, 5.5, -33],
				"cubes": [
					{"origin": [16, 1, -36.5], "size": [2, 1, 7], "uv": [230, 7]},
					{"origin": [16, 0, -35.5], "size": [2, 1, 5], "uv": [230, 0]},
					{"origin": [16, 2, -37.5], "size": [2, 1, 9], "uv": [230, 16]},
					{"origin": [16, 4, -38.5], "size": [2, 1, 11], "uv": [230, 40]},
					{"origin": [16, 3, -38.5], "size": [2, 1, 11], "uv": [230, 27]},
					{"origin": [16, 5, -38.5], "size": [2, 1, 11], "uv": [230, 53]},
					{"origin": [16, 6, -38.5], "size": [2, 1, 11], "uv": [230, 40]},
					{"origin": [16, 7, -38.5], "size": [2, 1, 11], "uv": [230, 27]},
					{"origin": [16, 8, -37.5], "size": [2, 1, 9], "uv": [230, 16]},
					{"origin": [16, 9, -36.5], "size": [2, 1, 7], "uv": [230, 7]},
					{"origin": [16, 10, -35.5], "size": [2, 1, 5], "uv": [230, 0]},
					{"origin": [-18, 10, -35.5], "size": [2, 1, 5], "uv": [230, 0]},
					{"origin": [-18, 9, -36.5], "size": [2, 1, 7], "uv": [230, 7]},
					{"origin": [-18, 8, -37.5], "size": [2, 1, 9], "uv": [230, 16]},
					{"origin": [-18, 7, -38.5], "size": [2, 1, 11], "uv": [230, 27]},
					{"origin": [-18, 6, -38.5], "size": [2, 1, 11], "uv": [230, 40]},
					{"origin": [-18, 5, -38.5], "size": [2, 1, 11], "uv": [230, 53]},
					{"origin": [-18, 3, -38.5], "size": [2, 1, 11], "uv": [230, 27]},
					{"origin": [-18, 4, -38.5], "size": [2, 1, 11], "uv": [230, 40]},
					{"origin": [-18, 2, -37.5], "size": [2, 1, 9], "uv": [230, 16]},
					{"origin": [-18, 0, -35.5], "size": [2, 1, 5], "uv": [230, 0]},
					{"origin": [-18, 1, -36.5], "size": [2, 1, 7], "uv": [230, 7]}
				]
			},
			{
				"name": "leg1",
				"pivot": [-16, 5.5, 37],
				"cubes": [
					{"origin": [16, 1, 33.5], "size": [2, 1, 7], "uv": [230, 7]},
					{"origin": [16, 0, 34.5], "size": [2, 1, 5], "uv": [230, 0]},
					{"origin": [16, 2, 32.5], "size": [2, 1, 9], "uv": [230, 16]},
					{"origin": [16, 4, 31.5], "size": [2, 1, 11], "uv": [230, 40]},
					{"origin": [16, 3, 31.5], "size": [2, 1, 11], "uv": [230, 27]},
					{"origin": [16, 6, 31.5], "size": [2, 1, 11], "uv": [230, 40]},
					{"origin": [16, 7, 31.5], "size": [2, 1, 11], "uv": [230, 27]},
					{"origin": [16, 8, 32.5], "size": [2, 1, 9], "uv": [230, 16]},
					{"origin": [16, 9, 33.5], "size": [2, 1, 7], "uv": [230, 7]},
					{"origin": [16, 10, 34.5], "size": [2, 1, 5], "uv": [230, 0]},
					{"origin": [-18, 10, 34.5], "size": [2, 1, 5], "uv": [230, 0]},
					{"origin": [-18, 9, 33.5], "size": [2, 1, 7], "uv": [230, 7]},
					{"origin": [16, 5, 31.5], "size": [2, 1, 11], "uv": [230, 53]},
					{"origin": [-18, 8, 32.5], "size": [2, 1, 9], "uv": [230, 16]},
					{"origin": [-18, 7, 31.5], "size": [2, 1, 11], "uv": [230, 27]},
					{"origin": [-18, 6, 31.5], "size": [2, 1, 11], "uv": [230, 40]},
					{"origin": [-18, 5, 31.5], "size": [2, 1, 11], "uv": [230, 53]},
					{"origin": [-18, 3, 31.5], "size": [2, 1, 11], "uv": [230, 27]},
					{"origin": [-18, 4, 31.5], "size": [2, 1, 11], "uv": [230, 40]},
					{"origin": [-18, 2, 32.5], "size": [2, 1, 9], "uv": [230, 16]},
					{"origin": [-18, 0, 34.5], "size": [2, 1, 5], "uv": [230, 0]},
					{"origin": [-18, 1, 33.5], "size": [2, 1, 7], "uv": [230, 7]}
				]
			},
			{
				"name": "body2",
				"pivot": [0, 16, -20],
				"rotation": [-40, 0, 0],
				"cubes": [
					{"origin": [-16.1, 9, -25], "size": [32, 22, 2], "uv": [188, 136], "inflate": -0.2},
					{"origin": [-17.9, 9, -25], "size": [2, 22, 2], "uv": [0, 0]},
					{"origin": [15.9, 9, -25], "size": [2, 22, 2], "uv": [0, 0]}
				]
			},
			{
				"name": "body3",
				"pivot": [0, 19, 28],
				"rotation": [40, 0, 0]
			},
			{
				"name": "body4",
				"pivot": [8, 17, -16],
				"rotation": [0, 0, -45],
				"cubes": [
					{"origin": [7.5, 11.7, -19], "size": [1, 11, 1], "uv": [0, 185]}
				]
			},
			{
				"name": "body5",
				"pivot": [8, 17, -16],
				"rotation": [0, 0, 45],
				"cubes": [
					{"origin": [7.5, 11.7, -19], "size": [1, 11, 1], "uv": [0, 185]}
				]
			},
			{
				"name": "body6",
				"pivot": [0, 14, -43],
				"rotation": [25, 0, 0],
				"cubes": [
					{"origin": [-18, 14.9, -47.5], "size": [36, 1, 10], "uv": [0, 0]}
				]
			}
		]
	}
}