{
	"format_version": "1.10.0",
	"geometry.jetpack": {
		"texturewidth": 48,
		"textureheight": 48,
		"visible_bounds_width": 2,
		"visible_bounds_height": 2,
		"visible_bounds_offset": [0, 1, 0],
		"bones": [
			{
				"name": "thruster2",
				"pivot": [-0.8, 0, 1.7],
				"cubes": [
					{"origin": [-1.80055, -7.5, 5.23597], "size": [2, 4, 1], "uv": [16, 26]},
					{"origin": [-0.04974, -7.95, 4.68597], "size": [3.5, 1, 0], "uv": [22, 28]},
					{"origin": [-5.04974, -7.95, 4.68597], "size": [3.5, 1, 0], "uv": [0, 31]},
					{"origin": [-0.04974, -4.05, 4.68597], "size": [3.5, 1, 0], "uv": [22, 27]},
					{"origin": [-5.04974, -4.05, 4.68597], "size": [3.5, 1, 0], "uv": [22, 26]},
					{"origin": [-5.05074, -7.95, -0.31403], "size": [8.5, 1, 0], "uv": [0, 10]},
					{"origin": [-5.05074, -4.05, -0.31403], "size": [8.5, 1, 0], "uv": [0, 9]},
					{"origin": [-5.04974, -7.95, -0.31403], "size": [0, 1, 5], "uv": [0, 14]},
					{"origin": [-5.04974, -4.05, -0.31403], "size": [0, 1, 5], "uv": [12, 20]},
					{"origin": [3.45026, -7.95, -0.31303], "size": [0, 1, 5], "uv": [32, 14]},
					{"origin": [3.45026, -4.05, -0.31303], "size": [0, 1, 5], "uv": [22, 14]},
					{"origin": [-4.95, -8.5, 4.05], "size": [3.5, 6, 3.5], "uv": [0, 0]},
					{"origin": [-4.45, -9.5, 4.55], "size": [2.5, 1, 2.5], "uv": [0, 26]},
					{"origin": [-4.95, -11.5, 4.05], "size": [3.5, 2, 3.5], "uv": [16, 9]},
					{"origin": [-4.7, -3.1, 4.3], "size": [3, 1, 3], "uv": [10, 14]},
					{"origin": [-4.2, -2.1, 4.8], "size": [2, 1, 2], "uv": [8, 26]},
					{"origin": [-0.15, -8.5, 4.05], "size": [3.5, 6, 3.5], "uv": [12, 0]},
					{"origin": [0.35, -9.5, 4.55], "size": [2.5, 1, 2.5], "uv": [22, 20]},
					{"origin": [-0.15, -11.5, 4.05], "size": [3.5, 2, 3.5], "uv": [24, 0]},
					{"origin": [0.1, -3.1, 4.3], "size": [3, 1, 3], "uv": [0, 20]},
					{"origin": [0.6, -2.1, 4.8], "size": [2, 1, 2], "uv": [22, 23]}
				]
			}
		]
	}
}