{
   "geometry.npcmodel": {
   "texturewidth": 64,
		"textureheight": 64,
    "visible_bounds_width": 1,
    "visible_bounds_height": 2,
    "visible_bounds_offset": [ 0, 1, 0 ],
    "bones": [
      {
        "name": "body",
        "pivot": [ 0.0, 24.0, 0.0 ],
        "cubes": [
          {
            "origin": [ -4.0, 12.0, -2.0 ],
            "size": [ 8, 12, 4 ],
            "uv": [ 16, 16 ]
          }
        ]
      },

      {
        "name": "waist",
        "neverRender": true,
        "pivot": [ 0.0, 12.0, 0.0 ]
      },

      {
        "name": "head",
        "pivot": [ 0.0, 24.0, 0.0 ],
        "cubes": [
          {
            "origin": [ -4.0, 24.0, -4.0 ],
            "size": [ 8, 8, 8 ],
            "uv": [ 0, 0 ]
          }
        ]
      },

      {
        "name": "hat",
        "pivot": [ 0.0, 24.0, 0.0 ],
        "cubes": [
          {
            "origin": [ -4.0, 24.0, -4.0 ],
            "size": [ 8, 8, 8 ],
            "uv": [ 32, 0 ],
            "inflate": 0.5
          }
        ],
        "neverRender": true
      },

      {
        "name": "rightArm",
        "pivot": [ -5.0, 22.0, 0.0 ],
        "cubes": [
          {
            "origin": [ -8.0, 12.0, -2.0 ],
            "size": [ 4, 12, 4 ],
            "uv": [ 40, 16 ]
          }
        ]
      },

      {
        "name": "rightItem",
        "pivot": [ -1, 17, 1 ],
        "neverRender": true,
        "parent": "rightArm"
      },

      {
        "name": "leftArm",
        "pivot": [ 7.0, 22.0, 0.0 ],
        "cubes": [
          {
            "origin": [ 4.0, 12.0, -2.0 ],
            "size": [ 4, 12, 4 ],
            "uv": [ 40, 16 ]
          }
        ],
        "mirror": true
      },

      {
        "name": "rightLeg",
        "pivot": [ -1.9, 12.0, 0.0 ],
        "cubes": [
          {
            "origin": [ -3.9, 0.0, -2.0 ],
            "size": [ 4, 12, 4 ],
            "uv": [ 0, 16 ]
          }
        ]
      },

      {
        "name": "leftLeg",
        "pivot": [ 1.9, 12.0, 0.0 ],
        "cubes": [
          {
            "origin": [ -0.1, 0.0, -2.0 ],
            "size": [ 4, 12, 4 ],
            "uv": [ 0, 16 ]
          }
        ],
        "mirror": true
      }
    ]
  },
    "geometry.jet2:geometry.humanoid": {
		"texturewidth": 64,
		"textureheight": 64,
    "visible_bounds_width": 1,
    "visible_bounds_height": 2,
    "visible_bounds_offset": [ 0, 1, 0 ],
       "bones": [
      {
        "name": "hat",
        "neverRender": false,
        "pivot": [ 0.0, 24.0, 0.0 ]
      },
      {
        "name": "leftArm",
        "reset": true,
        "pivot": [ 7.0, 22.0, 0.0 ],
        "cubes": [
          {
            "origin": [ 4.0, 12.0, -2.0 ],
            "size": [ 4, 12, 4 ],
            "uv": [ 32, 48 ]
          }
        ]
      },

      {
        "name": "rightArm",
        "reset": true,
        "pivot": [ -5.0, 22.0, 0.0 ],
        "cubes": [
          {
            "origin": [ -8.0, 12.0, -2.0 ],
            "size": [ 4, 12, 4 ],
            "uv": [ 40, 16 ]
          }
        ]
      },

      {
        "name": "rightItem",
        "pivot": [ -1, 17, 1 ],
        "neverRender": true,
        "parent": "rightArm"
      },

      {
        "name": "leftSleeve",
        "pivot": [ 5.0, 22.0, 0.0 ],
        "cubes": [
          {
            "origin": [ 4.0, 12.0, -2.0 ],
            "size": [ 4, 12, 4 ],
            "uv": [ 48, 48 ],
            "inflate": 0.25
          }
        ]
      },

      {
        "name": "rightSleeve",
        "pivot": [ -5.0, 22.0, 0.0 ],
        "cubes": [
          {
            "origin": [ -8.0, 12.0, -2.0 ],
            "size": [ 4, 12, 4 ],
            "uv": [ 40, 32 ],
            "inflate": 0.25
          }
        ]
      },

      {
        "name": "leftLeg",
        "reset": true,
        "pivot": [ 1.9, 12.0, 0.0 ],
        "cubes": [
          {
            "origin": [ -0.1, 0.0, -2.0 ],
            "size": [ 4, 12, 4 ],
            "uv": [ 16, 48 ]
          }
        ]
      },

      {
        "name": "leftPants",
        "pivot": [ 1.9, 12.0, 0.0 ],
        "cubes": [
          {
            "origin": [ -0.1, 0.0, -2.0 ],
            "size": [ 4, 12, 4 ],
            "uv": [ 0, 48 ],
            "inflate": 0.25
          }
        ]
      },

      {
        "name": "rightPants",
        "pivot": [ -1.9, 12.0, 0.0 ],
        "cubes": [
          {
            "origin": [ -3.9, 0.0, -2.0 ],
            "size": [ 4, 12, 4 ],
            "uv": [ 0, 32 ],
            "inflate": 0.25
          }
        ]
      },

      {
        "name": "jacket",
        "pivot": [ 0.0, 24.0, 0.0 ],
        "cubes": [
          {
            "origin": [ -4.0, 12.0, -2.0 ],
            "size": [ 8, 12, 4 ],
            "uv": [ 16, 32 ],
            "inflate": 0.25
          }
        ]
      }
    ]
  }
}