{
  "format_version": "1.8.0",
  "minecraft:client_entity": {
    "description": {
      "identifier": "furnicraft:camioneta",
      "materials": { "default": "televisor" },
      "textures": {
        "undyed": "textures/entity/auto/blanco",
        "white": "textures/entity/auto/blanco",
        "orange": "textures/entity/auto/naranja",
        "magenta": "textures/entity/auto/magenta",
        "light_blue": "textures/entity/auto/azulclaro",
        "yellow": "textures/entity/auto/amarillo",
        "lime": "textures/entity/auto/lima",
        "pink": "textures/entity/auto/rosa",
        "gray": "textures/entity/auto/gris",
        "silver": "textures/entity/auto/silver",
        "cyan": "textures/entity/auto/cyan",
        "purple": "textures/entity/auto/morado",
        "blue": "textures/entity/auto/azul",
        "brown": "textures/entity/auto/cafe",
        "green": "textures/entity/auto/verde",
        "red": "textures/entity/auto/rojo",
        "black": "textures/entity/auto/negro"
      },
      "geometry": {
        "default": "geometry.camioneta"
      },
      "animations": {
        "general": "animation.villager.general",
        "look_at_target": "animation.common.look_at_target",
        "move": "animation.villager.move",
        "baby_transform": "animation.villager.baby_transform"
      },
      "animation_controllers": [
        { "general": "controller.animation.villager.general" },
        { "move": "controller.animation.villager.move" },
        { "baby": "controller.animation.villager.baby" }
      ],
      "render_controllers": [ "controller.render.shulker" ],
      "spawn_egg": {
        "texture": "camioneta",
        "texture_index": 0
      }
    }
  }
}