{
  "format_version": "1.10.0",
  "minecraft:client_entity": {
    "description": {
      "identifier": "minecraft:player",
      "materials": {
        "default": "entity_alphatest",
        "cape": "entity_alphatest",
        "animated": "player_animated"
      },
      "textures": {
        "default": "textures/entity/steve",
        "cape": "textures/entity/cape_invisible"
      },
      "geometry": {
        "default": "geometry.humanoid",
        "cape": "geometry.cape"
      },
      "scripts": {
//NOTE :) - The systems used to add / tweak the animations in this pack are purely experimental, as this is my first time messing with variables.
// I realise there are much better methods to apply on some variables, but this should hopefully give you an idea on how custom player animations can be implemented. Feel free to use any code in this pack :)
        "scale": "0.9375",
        "initialize": [
          "variable.is_holding_right = 0.0;",
          "variable.is_blinking = 0.0;",
          "variable.last_blink_time = 0.0;",
          "variable.hand_bob = 0.0;"
        ],
        "pre_animation": [
//Custom tcos and tsin variables are used to add animations to the walking/running animations
          "variable.helmet_layer_visible = 1.0;",
          "variable.leg_layer_visible = 1.0;",
          "variable.boot_layer_visible = 1.0;",
          "variable.chest_layer_visible = 1.0;",
          "variable.attack_body_rot_y = Math.sin(360*Math.sqrt(variable.attack_time)) * 5.0;",
          "variable.is_holding_fishing_rod = query.get_equipped_item_name == 'fishing_rod' ? 0.1 : 1;",
          "variable.is_third_person = !variable.is_first_person || variable.is_paperdoll;",
          "variable.tcos1 = query.is_on_ground ? (((-math.cos(query.modified_distance_moved * 29.17*2)-0.7*query.modified_move_speed) * query.modified_move_speed / variable.gliding_speed_value) * 57.3/4.1;) : 0;",
          "variable.tcos0 = !query.is_sneaking ? ((math.cos(query.modified_distance_moved * 29.17) * query.modified_move_speed / variable.gliding_speed_value) * 57.3;) : ((math.cos(query.modified_distance_moved * 58.17) * query.modified_move_speed / variable.gliding_speed_value) * 57.3;);",
          "variable.tcos2 = (math.cos(query.modified_distance_moved * 34.17 + 140) * query.modified_move_speed / variable.gliding_speed_value) * 57.3;",
          "variable.tsin2 = (math.sin(query.modified_distance_moved * 25.17 + 137) * query.modified_move_speed / variable.gliding_speed_value) * 57.3;",
          "variable.tcos3 = (math.cos(query.modified_distance_moved * 27.17 + 250) * query.modified_move_speed / variable.gliding_speed_value) * 57.3;",
          "variable.tsin3 = (math.sin(query.modified_distance_moved * 32.17 + 260) * query.modified_move_speed / variable.gliding_speed_value) * 57.3;",
          "variable.tcos4 = (math.cos(query.modified_distance_moved * 22.17 + 250 + 200) * query.modified_move_speed / variable.gliding_speed_value) * 57.3;",
          "variable.tsin4 = (math.sin(query.modified_distance_moved * 56.17 + 260 + 200) * query.modified_move_speed / variable.gliding_speed_value) * 57.3;",
          "variable.tcos5 = (math.cos(query.modified_distance_moved * 29.17) * query.modified_move_speed / variable.gliding_speed_value) * 57.3;",
          "variable.tcos6 = math.abs(math.cos(query.modified_distance_moved * 29.17) * query.modified_move_speed / variable.gliding_speed_value)* 57.3 - variable.tcos1;",
          "variable.tcos7 = (math.cos(query.modified_distance_moved * 38.17) * query.modified_move_speed / variable.gliding_speed_value) * 57.3;",
          "variable.first_person_rotation_factor = math.sin((1 - variable.attack_time) * 180.0);",
          "variable.hand_bob = query.life_time < 0.01 ? 0.0 : variable.hand_bob + ((query.is_on_ground && query.is_alive ? math.clamp(math.sqrt(math.pow(query.position_delta(0), 2.0) + math.pow(query.position_delta(2), 2.0)), 0.0, 0.1) : 0.0) - variable.hand_bob) * 0.02;",
          "variable.map_angle = math.clamp(1 - variable.player_x_rotation / 45.1, 0.0, 1.0);",
          "variable.item_use_normalized = query.main_hand_item_use_duration / query.main_hand_item_max_duration;"
        ],
        "animate": [
          "root",
          {"sprint_arms_controller": "variable.is_third_person"},
          {"in.air_controller":"variable.is_third_person"},
          {"variable.is_third_person":"variable.is_third_person"},
          {"crouch_controller": "variable.is_third_person"},
          { "fishing_controller": "variable.is_third_person && !query.is_swimming" },
          { "fishing_action_controller": "variable.is_third_person && !query.is_swimming" }
        ]
      },
      "animations": {
//--Custom Animations & Animation Controllers--
//Key frame animation of player jumping
        "jump": "animation.player.jump",
//Animate custom hands position & animation & accentuate feet movement
        "root_sprint_jump":"animation.player.move.root.sprint_jump",
//Remove root bone vertical mmovement while sprinting & jumping, by using a negative value of the same animation
        "root_sprint_jump1":"animation.player.move.root.sprint_jump1",
//Empty animation with a length of 5 seconds, after which the player sneaking dance animation plays via the crouch controller
        "easter_egg.timer": "animation.player.timer.easter_egg",
//Empty animation with a length of 0.5 seconds, after which the player sees the crrrrrazy sprinting jump animation
        "sprint_easter_egg.timer":"animation.player.sprint_easter_egg.timer",
//Empty animation with a length of 10 seconds, after which the crrrrrazy sprinting animation plays, if the player sprints without jumping for more than 10 seconds
        "sprint_easter_egg.timer1":"animation.player.sprint_easter_egg.timer1",
//Main animation fot the crrrrrazy player sprint
        "sprint.arms.easter_egg":"animation.player.move.arms.sprint.easter_egg",
//Animation root bone fixer crrrrrazy player sprint
        "sprint.arms": "animation.player.move.arms.sprint",
//More accentuated arm movement for the normal sprint animation
        "move.arms.custom": "animation.player.move.arms.custom",
//Animation that makes the root bone slightly lean forward when the player walks
        "lean.forward": "animation.player.lean.forward",
//Remove arm bones movement while in air, using a negative value of the default arm movement animation
        "in.air": "animation.player.in.air",
//Animation that animated root vertical movement for 0.85 seconds when !query.is_on_ground is true
        "in.air.root": "animation.player.in.air.root",
//Controller that activates all the right animations while the player is in air
        "in.air_controller": "controller.animation.player.in.air",
//Controller that activates the sneaking tiny dance animation after 5 seconds
        "crouch_controller":"controller.animation.player.crouch.easter_egg",
//Controller that activates all the sprinting animations at the right times
        "sprint_arms_controller": "controller.animation.player.arms.sprint",
//Controller & animations that change the position of the hands while the player is fishiing
        "fishing_controller": "controller.animation.player.fishing",
        "fishing_action_controller": "controller.animation.player.fishing_action",
        "fishing": "animation.player.fishing",
        "fishing_action": "animation.player.fishing_action",

        "root": "controller.animation.player.root",
        "base_controller": "controller.animation.player.base",
        "humanoid_base_pose": "animation.humanoid.base_pose",
        "look_at_target": "controller.animation.humanoid.look_at_target",
        "look_at_target_ui": "animation.player.look_at_target.ui",
        "look_at_target_default": "animation.humanoid.look_at_target.default",
        "look_at_target_gliding": "animation.humanoid.look_at_target.gliding",
        "look_at_target_swimming": "animation.humanoid.look_at_target.swimming",
        "look_at_target_inverted": "animation.player.look_at_target.inverted",
        "cape": "animation.player.cape",
        "move.arms": "animation.player.move.arms",
        "move.legs": "animation.player.move.legs",
        "swimming": "animation.player.swim",
        "swimming.legs": "animation.player.swim.legs",
        "riding.arms": "animation.player.riding.arms",
        "riding.legs": "animation.player.riding.legs",
        "holding": "animation.player.holding",
        "brandish_spear": "animation.humanoid.brandish_spear",
        "charging": "animation.humanoid.charging",
        "attack.positions": "animation.player.attack.positions",
        "attack.rotations": "animation.player.attack.rotations",
        "sneaking": "animation.player.sneaking",
        "sneaking_dance": "animation.player.sneaking_dance",
        "bob": "animation.player.bob",
        "fly": "animation.player.fly",
        "damage_nearby_mobs": "animation.humanoid.damage_nearby_mobs",
        "bow_and_arrow": "animation.humanoid.bow_and_arrow",
        "use_item_progress": "animation.humanoid.use_item_progress",
        "skeleton_attack": "animation.skeleton.attack",
        "sleeping": "animation.player.sleeping",
        "first_person_base_pose": "animation.player.first_person.base_pose",
        "first_person_empty_hand": "animation.player.first_person.empty_hand",
        "first_person_swap_item": "animation.player.first_person.swap_item",
        "first_person_attack_controller": "controller.animation.player.first_person_attack",
        "first_person_attack_rotation": "animation.player.first_person.attack_rotation",
        "first_person_vr_attack_rotation": "animation.player.first_person.vr_attack_rotation",
        "first_person_walk": "animation.player.first_person.walk",
        "first_person_map_controller": "controller.animation.player.first_person_map",
        "first_person_map_hold": "animation.player.first_person.map_hold",
        "first_person_map_hold_attack": "animation.player.first_person.map_hold_attack",
        "first_person_map_hold_off_hand": "animation.player.first_person.map_hold_off_hand",
        "first_person_map_hold_main_hand": "animation.player.first_person.map_hold_main_hand",
        "first_person_crossbow_equipped": "animation.player.first_person.crossbow_equipped",
        "third_person_crossbow_equipped": "animation.player.crossbow_equipped",
        "third_person_bow_equipped": "animation.player.bow_equipped",
        "crossbow_hold": "animation.player.crossbow_hold",
        "crossbow_controller": "controller.animation.player.crossbow",
        "shield_block_main_hand": "animation.player.shield_block_main_hand",
        "shield_block_off_hand": "animation.player.shield_block_off_hand",
        "blink": "controller.animation.persona.blink"
      },
      "render_controllers": [
        { "controller.render.player.first_person": "variable.is_first_person" },
        { "controller.render.player.third_person": "!variable.is_first_person && !variable.map_face_icon" },
        { "controller.render.player.map": "variable.map_face_icon" }
      ],
      "enable_attachables": true
    }
  }
}
