{
  "minecraft:entity": {
    "format_version": "1.1.0",

    "component_groups": {
      "燃烧弹": {
      "minecraft:loot": {
        "table": ""
      },
        "minecraft:projectile": {
    "onHit": {
      "impact_damage": {
        "catchFire": true
      },
      "catch_fire": {
        "fireAffectedByGriefing": true
      }
    },
          "power": 500,
          "gravity": 0.15,
          "uncertaintyBase": 16,
          "uncertaintyMultiplier": 4,
          "offset": [ 0, 0, 0 ]
        },
      "minecraft:health": {
        "value": 10,
        "max": 10
      },
      "minecraft:damage_sensor": [
        {
          "cause": "all",
          "deals_damage": false
        }
      ],
      "minecraft:is_stackable": {
      },
        "minecraft:scale": {
          "value":0.01
        },
      "minecraft:collision_box": {
        "width": 10,
        "height": 10
      },
				"minecraft:timer": {
					"time": 0.45,
					"looping": false,
					"time_down_event": {
						"event": "死亡"
					}
				},
      "minecraft:behavior.summon_entity": {
        "priority": 2,

        "summon_choices": [
          {
            "weight": 1,
            "cooldown_time": 0.0,
            "cast_duration": 0.0,
            "particle_color": "#FFB3B3CC",
            "sequence": [
              {
                "shape": "circle",
                "target": "self",
                "base_delay": 0.0,
                "num_entities_spawned": 10,
                "entity_type": "minecraft:lingering_potion",
                "summon_cap": 8,
                "summon_cap_radius": 16.0,
                "size": 2.0,
                "entity_lifespan": 0.3
              }
            ]
          }
        ]
      },
"minecraft:behavior.nearest_attackable_target": {
        "priority": 2,
        "entity_types": [
          {
            "filters": { "other_with_families": [ "chicken" ] },
            "max_dist": 16
          }
        ],
        "must_see": false
      }
     },

      "死亡": {
      "minecraft:health": {
        "value": 0,
        "max": 0
      }
     },

      "minecraft:chicken_baby": {
      "minecraft:health": {
        "value": 1000,
        "max": 1000
      },
        "minecraft:scale": {
          "value":0.01
        },
        "minecraft:behavior.avoid_mob_type": {
          "priority": 5,
          "entity_types": [
            {
              "filters": { "other_with_families": "chicken" },
              "max_dist": 4,
              "walk_speed_multiplier": 0.8,
              "sprint_speed_multiplier": 3
            }
          ]
        },
      "minecraft:explode": {
        "fuseLength": 2,
        "fuseLit": true,
        "power": 2,
        "causesFire": false
      }
      },

      "鸡": {
        "minecraft:spawn_entity": {
          "min_wait_time": 0.2,
          "max_wait_time": 0.2,
          "spawn_entity": "chicken"
        },
				"minecraft:timer": {
					"time": 0.1,
					"looping": true,
					"time_down_event": {
						"event": "取消鸡"
					}
				}
     },

      "生成鸡": {
				"minecraft:timer": {
					"time": 0.1,
					"looping": true,
					"time_down_event": {
						"event": "生成鸡"
					}
				}
     },

      "停": {
        "minecraft:movement": {
          "value": 0.0
        },
        "minecraft:behavior.avoid_mob_type": {
          "priority": 5,
          "entity_types": [
            {
              "filters": { "other_with_families": "chicken" },
              "max_dist": 0,
              "walk_speed_multiplier": 0.0,
              "sprint_speed_multiplier": 0
            }
          ]
        }
      },

      "minecraft:chicken_adult": {
      }
    },

    "components": {
      "minecraft:identifier": {
        "id": "minecraft:chicken"
      },
      "minecraft:type_family": {
        "family": [ "chicken" ]
      },
      "minecraft:breathable": {
        "totalSupply": 15,
        "suffocateTime": 0
      },
        "minecraft:loot": {
          "table": "loot_tables/entities/chicken.json"
        },
        "minecraft:collision_box": {
            "width": 0.8,
            "height": 0.5
        },
      "minecraft:nameable": {
      },
      "minecraft:health": {
        "value": 1,
        "max": 1
      },

      "minecraft:movement": {
        "value": 0.23
      },
      "minecraft:fall_damage": {
        "value": 0.0
      },
      "minecraft:navigation.walk": {
        "can_float": true
      },
      "minecraft:movement.basic": {
        
      },
      "minecraft:jump.static": {
      },
      "minecraft:can_climb": {
      },
        "minecraft:behavior.avoid_mob_type": {
          "priority": 5,
          "entity_types": [
            {
              "filters": { "other_with_families": "chicken" },
              "max_dist": 1,
              "walk_speed_multiplier": 0.2,
              "sprint_speed_multiplier": 0.1
            }
          ]
        },
				"minecraft:timer": {
					"time": 0.1,
					"looping": true,
					"time_down_event": {
						"event": "停"
					}
				}
    },

    "events": {
      "停": {
        "remove": {
        },
        "add": {
          "component_groups": [
            "停"
          ]
        }
      },
      "死亡": {
        "remove": {
        },
        "add": {
          "component_groups": [
            "死亡"
          ]
        }
      },
      "生成鸡": {
        "remove": {
          "component_groups": [
            ""
          ]
        },
        "add": {
          "component_groups": [
            "鸡"
          ]
        }
      },
      "取消鸡": {
        "remove": {
          "component_groups": [
            "生成鸡",
            "鸡"
          ]
        },
        "add": {
        }
      },
      "minecraft:entity_spawned": {
        "sequence": [
          {
            "randomize": [
              {
                "weight": 1,
                "add": { "component_groups": [ "minecraft:chicken_adult","生成鸡" ] }
              }
            ]
          },
          {
            "filters": { "other_with_families": "药水" },
            "remove": { "component_groups": [ "minecraft:chicken_adult","生成鸡" ] },
            "add": { "component_groups": [ "minecraft:chicken_baby" ] }
          },
          {
            "filters": { "other_with_families": "燃烧弹" },
            "remove": { "component_groups": [ "minecraft:chicken_adult","生成鸡" ] },
            "add": { "component_groups": [ "燃烧弹" ] }
          }
        ]
      }
    }

  }
}
