{
 "minecraft:entity": {
    "format_version": 0.1,

    "component_groups": {
     "5": {
      "minecraft:projectile": {
       "onHit": {
        "impact_damage": {
         "damage": 5,
         "destroyonhit": true
        },
          "remove_on_hit": { },
          "particle_on_hit": {
            "particle_type": "flame",
            "num_particles": 1,
            "on_entity_hit": true,
            "on_other_hit": true
          }
       },
       "power": 30.0,
       "gravity": 0.0,
       "uncertaintyBase": 3,
       "offset": [ 0, 0, 0 ]
      }
    },
     "1": {
      "minecraft:projectile": {
       "onHit": {
        "impact_damage": {
         "damage": 22,
         "destroyonhit": true
        },
          "remove_on_hit": { },
          "particle_on_hit": {
            "particle_type": "flame",
            "num_particles": 1,
            "on_entity_hit": true,
            "on_other_hit": true
          }
       },
       "power": 50.0,
       "gravity": 0.0,
       "offset": [ 0, 0, 0 ]
      }
    }
    },

  "components": {
   "minecraft:identifier": {
    "id": "minecraft:fishing_hook"
   },
   "minecraft:collision_box": {
    "width": 0.1,
    "height": 0.1
   },
        "minecraft:scale": {
          "value": 0.01
        }
  },


    "events": {
      "minecraft:entity_spawned": {
        "randomize": [
          {
            "weight": 10,
            "remove": {
            },
            "add": {
              "component_groups": [
                "1"
              ]
            }
          },
          {
            "weight": 500,
            "remove": {
            },
            "add": {
              "component_groups": [
                "5"
              ]
            }
          }
        ]
      }
    }


 }
}
