{"format_version":"1.8.0","minecraft:entity":{"description":{"identifier":"npc:girl1","is_spawnable":true,"is_summonable":true,"is_experimental":false},"component_groups":{"mineraft:wolf_adult":{"minecraft:loot":{"table":"loot_tables/entities/wolf.json"},"minecraft:breedable":{"requireTame":true,"breedsWith":{"mateType":"minecraft:wolf","babyType":"minecraft:wolf","breed_event":{"event":"minecraft:entity_born","target":"baby"}},"breedItems":["cookie"]}},"minecraft:wolf_angry":{"minecraft:angry":{"duration":25,"broadcastAnger":true,"broadcastRange":20,"calm_event":{"event":"minecraft:on_calm","target":"self"}},"minecraft:on_target_acquired":{}},"minecraft:wolf_wild":{"minecraft:behavior.avoid_mob_type":{"priority":3,"entity_types":[{"filters":{"test":"is_family","subject":"other","value":"llama"},"max_dist":24,"walk_speed_multiplier":1.5,"sprint_speed_multiplier":1.5}],"probability_per_strength":0.14},"minecraft:tameable":{"probability":0.33,"tameItems":"cookie","tame_event":{"event":"minecraft:on_tame","target":"self"}},"minecraft:behavior.nearest_attackable_target":{"priority":4,"attack_interval":10,"reselect_targets":true,"entity_types":[{"filters":{"any_of":[{"test":"is_family","subject":"other","value":"skeleton"},{"test":"is_family","subject":"other","value":"zombie"},{"test":"is_family","subject":"other","value":"creeper"}]},"max_dist":16},{"filters":{"all_of":[{"test":"is_family","subject":"other","value":"baby_turtle"},{"test":"in_water","subject":"other","operator":"!\u003d","value":true}]},"max_dist":16},{"filters":{"all_of":[{"test":"is_family","subject":"other","value":"skeleton"},{"test":"is_underwater","subject":"other","operator":"!\u003d","value":true}]},"max_dist":16}],"must_see":true},"minecraft:on_target_acquired":{"event":"minecraft:become_angry","target":"self"},"minecraft:rideable":{"seat_count":1,"crouching_skip_interact":true,"interact_text":"Drive","family_types":["player"],"seats":{"position":[0.0,1.50,-0.4]}}},"minecraft:wolf_tame":{"minecraft:is_tamed":{},"minecraft:health":{"value":50,"max":50},"minecraft:color":{"value":14},"minecraft:behavior.follow_owner":{"priority":6,"speed_multiplier":1.0,"start_distance":12,"stop_distance":2},"minecraft:attack":{"damage":8},"minecraft:behavior.breed":{"priority":7},"minecraft:behavior.owner_hurt_by_target":{"priority":1},"minecraft:behavior.owner_hurt_target":{"priority":2},"minecraft:behavior.nearest_attackable_target":{"priority":5,"attack_interval":10,"entity_types":[{"filters":{"test":"is_family","subject":"other","value":"skeleton"},"max_dist":16}],"must_see":true},"minecraft:leashable":{"soft_distance":4.0,"hard_distance":6.0,"max_distance":10.0,"on_leash":{"event":"minecraft:on_leash","target":"self"},"on_unleash":{"event":"minecraft:on_unleash","target":"self"}}}},"components":{"minecraft:nameable":{"alwaysShow":true,"allowNameTagRenaming":true},"minecraft:type_family":{"family":["villager"]},"minecraft:breathable":{"totalSupply":15,"suffocateTime":0},"minecraft:collision_box":{"width":0.6,"height":1.8},"minecraft:health":{"value":20,"max":20},"minecraft:input_ground_controlled":{},"minecraft:movement":{"value":0.35},"minecraft:navigation.walk":{"is_amphibious":true,"can_path_over_water":true,"can_pass_doors":true,"can_open_doors":true,"avoid_damage_blocks":false},"minecraft:movement.basic":{},"minecraft:annotation.open_door":{},"minecraft:jump.static":{},"minecraft:can_climb":{},"minecraft:attack":{"damage":5},"minecraft:healable":{"items":[{"item":"cookie","heal_amount":5}]},"minecraft:behavior.float":{"priority":0},"minecraft:behavior.mount_pathing":{"priority":1,"speed_multiplier":1.25,"target_dist":0,"track_target":true},"minecraft:behavior.stay_while_sitting":{"priority":3},"minecraft:behavior.leap_at_target":{"priority":4,"target_dist":0.4},"minecraft:behavior.melee_attack":{"priority":5,"target_dist":1.6,"track_target":true,"reach_multiplier":1.5},"minecraft:behavior.random_stroll":{"priority":8,"speed_multiplier":1.0},"minecraft:behavior.hide":{"priority":0,"speed_multiplier":1.0,"poi_type":"bed","duration":30.0},"minecraft:behavior.move_indoors":{"priority":6,"speed_multiplier":0.8,"timeout_cooldown":8.0},"minecraft:behavior.look_at_player":{"priority":6,"target_distance":6.0,"probability":0.02},"minecraft:behavior.beg":{"priority":9,"look_distance":8,"look_time":[2,4],"items":["wheat"]},"minecraft:behavior.hurt_by_target":{"priority":3},"minecraft:physics":{}},"events":{"minecraft:entity_spawned":{"randomize":[{"weight":9,"remove":{},"add":{"component_groups":["minecraft:wolf_adult","minecraft:wolf_wild"]}},{"weight":1,"remove":{},"add":{"component_groups":["minecraft:wolf_baby","minecraft:wolf_wild"]}}]},"minecraft:entity_born":{"remove":{},"add":{"component_groups":["minecraft:wolf_baby","minecraft:wolf_tame"]}},"minecraft:ageable_grow_up":{"remove":{"component_groups":["minecraft:wolf_baby"]},"add":{"component_groups":["minecraft:wolf_adult"]}},"minecraft:ageable_set_baby":{"remove":{"component_groups":["minecraft:wolf_adult"]},"add":{"component_groups":["minecraft:wolf_baby"]}},"minecraft:on_tame":{"remove":{"component_groups":["minecraft:wolf_wild"]},"add":{"component_groups":["minecraft:wolf_tame"]}},"minecraft:become_angry":{"remove":{"component_groups":["minecraft:wolf_wild"]},"add":{"component_groups":["minecraft:wolf_angry"]}},"minecraft:on_calm":{"remove":{"component_groups":["minecraft:wolf_angry"]},"add":{"component_groups":["minecraft:wolf_wild"]}}}}}