{"format_version":"1.11.0","minecraft:entity":{"description":{"identifier":"minecraft:player","is_spawnable":false,"is_summonable":false,"is_experimental":false,"scripts":{"animate":["walk","bettermove"]},"animations":{"bettermove":"controller.animation.bettermove","walk":"controller.animation.walk"}},"component_groups":{"minecraft:jetpack_iron_fx":{"minecraft:spawn_entity":{"min_wait_time":0,"max_wait_time":0,"num_to_spawn":1,"single_use":true,"spawn_entity":"seigz:jetpack_iron_fx"}},"minecraft:default":{"minecraft:spell_effects":{"remove_effects":["levitation"]}},"minecraft:jetpack_iron_on":{"minecraft:is_tamed":{},"minecraft:spell_effects":{"add_effects":[{"effect":"levitation","amplifier":5,"visible":false,"ambient":false,"duration":9999,"display_on_screen_animation":false}]}},"minecraft:add_bad_omen":{"minecraft:spell_effects":{"add_effects":[{"effect":"bad_omen","duration":6000,"display_on_screen_animation":true}]},"minecraft:timer":{"time":[0.0,0.0],"looping":false,"time_down_event":{"event":"minecraft:clear_add_bad_omen","target":"self"}}},"minecraft:clear_bad_omen_spell_effect":{"minecraft:spell_effects":{}},"minecraft:raid_trigger":{"minecraft:raid_trigger":{"triggered_event":{"event":"minecraft:remove_raid_trigger","target":"self"}},"minecraft:spell_effects":{"remove_effects":"bad_omen"}}},"components":{"minecraft:type_family":{"family":["player"]},"minecraft:is_hidden_when_invisible":{},"minecraft:scheduler":{"scheduled_events":[{"scheduled_event":{"filters":{"all_of":[{"test":"has_equipment","subject":"self","domain":"hand","value":"seigz:jetpack_iron"},{"test":"is_sneaking","subject":"self","value":true}]},"event":"minecraft:event_jetpack_iron_fx"}},{"scheduled_event":{"filters":{"all_of":[{"test":"has_equipment","subject":"self","domain":"hand","value":"seigz:jetpack_gold"},{"test":"is_sneaking","subject":"self","value":true}]},"event":"minecraft:event_jetpack_gold_fx"}},{"scheduled_event":{"filters":{"all_of":[{"test":"has_equipment","subject":"self","domain":"hand","value":"seigz:jetpack_diamond"},{"test":"is_sneaking","subject":"self","value":true}]},"event":"minecraft:event_jetpack_diamond_fx"}},{"scheduled_event":{"filters":{"all_of":[{"test":"has_equipment","subject":"self","domain":"hand","value":"seigz:jetpack_iron"},{"test":"has_equipment","subject":"self","domain":"hand","value":"seigz:jetpack_gold"},{"test":"has_equipment","subject":"self","domain":"hand","value":"seigz:jetpack_diamond"}]},"event":"minecraft:event_normal_player"}}]},"minecraft:loot":{"table":"loot_tables/empty.json"},"minecraft:collision_box":{"width":0.6,"height":1.8},"minecraft:can_climb":{},"minecraft:movement":{"value":0.25},"minecraft:attack":{"damage":5},"minecraft:player.saturation":{"value":20},"minecraft:player.exhaustion":{"value":0,"max":4},"minecraft:player.level":{"value":0,"max":999999},"minecraft:player.experience":{"value":0,"max":1},"minecraft:breathable":{"totalSupply":15,"suffocateTime":-1,"inhaleTime":3.75,"generatesBubbles":false},"minecraft:nameable":{"alwaysShow":true,"allowNameTagRenaming":false},"minecraft:insomnia":{"days_until_insomnia":3},"minecraft:rideable":{"seat_count":2,"family_types":["parrot_tame"],"pull_in_entities":true,"seats":[{"position":[0.4,-0.15,0.04],"min_rider_count":0,"max_rider_count":0,"lock_rider_rotation":0},{"position":[-0.4,-0.15,0.04],"min_rider_count":1,"max_rider_count":2,"lock_rider_rotation":0}]},"minecraft:scaffolding_climber":{},"minecraft:environment_sensor":[{"on_environment":{"filters":{"all_of":[{"test":"has_equipment","domain":"head","operator":"\u003d","subject":"self","value":"seigz:jetpack_iron"},{"test":"is_sneaking","subject":"self","value":false}]},"event":"minecraft:reset"}},{"on_environment":{"filters":{"all_of":[{"test":"has_equipment","domain":"head","operator":"\u003d","subject":"self","value":"seigz:jetpack_gold"},{"test":"is_sneaking","subject":"self","value":false}]},"event":"minecraft:reset"}},{"on_environment":{"filters":{"all_of":[{"test":"has_equipment","domain":"head","operator":"\u003d","subject":"self","value":"seigz:jetpack_diamond"},{"test":"is_sneaking","subject":"self","value":false}]},"event":"minecraft:reset"}},{"on_environment":{"filters":{"all_of":[{"test":"has_equipment","domain":"head","operator":"\u003d","subject":"self","value":"seigz:jetpack_iron"},{"test":"is_sneaking","subject":"self","value":true}]},"event":"minecraft:set_jetpack_iron_on"}},{"on_environment":{"filters":{"all_of":[{"test":"has_equipment","domain":"head","operator":"\u003d","subject":"self","value":"seigz:jetpack_gold"},{"test":"is_sneaking","subject":"self","value":true}]},"event":"minecraft:set_jetpack_gold_on"}},{"on_environment":{"filters":{"all_of":[{"test":"has_equipment","domain":"head","operator":"\u003d","subject":"self","value":"seigz:jetpack_diamond"},{"test":"is_sneaking","subject":"self","value":true}]},"event":"minecraft:set_jetpack_diamond_on"}}],"minecraft:physics":{}},"events":{"minecraft:event_jetpack_iron_fx":{"add":{"component_groups":["minecraft:jetpack_iron_fx"]}},"minecraft:event_normal_player":{"remove":{"component_groups":["minecraft:jetpack_iron_fx"]}},"minecraft:reset":{"remove":{"component_groups":["minecraft:jetpack_iron_on","minecraft:jetpack_gold_on","minecraft:jetpack_diamond_on"]},"add":{"component_groups":["minecraft:default"]}},"minecraft:set_jetpack_iron_on":{"remove":{"component_groups":["minecraft:default"]},"add":{"component_groups":["minecraft:jetpack_iron_on"]}},"minecraft:set_jetpack_gold_on":{"remove":{"component_groups":["minecraft:default"]},"add":{"component_groups":["minecraft:jetpack_gold_on"]}},"minecraft:set_jetpack_diamond_on":{"remove":{"component_groups":["minecraft:default"]},"add":{"component_groups":["minecraft:jetpack_diamond_on"]}},"minecraft:gain_bad_omen":{"add":{"component_groups":["minecraft:add_bad_omen"]}},"minecraft:clear_add_bad_omen":{"remove":{"component_groups":["minecraft:add_bad_omen"]},"add":{"component_groups":["minecraft:clear_bad_omen_spell_effect"]}},"minecraft:trigger_raid":{"add":{"component_groups":["minecraft:raid_trigger"]}},"minecraft:remove_raid_trigger":{"remove":{"component_groups":["minecraft:raid_trigger"]}}}}}