{
  "minecraft:entity": {
    "format_version": "1.1.0",

    "components": {
      "minecraft:identifier": {
        "id": "minecraft:splash_potion"
      },
      "minecraft:collision_box": {
        "width": 0.25,
        "height": 0.25
      },
        "minecraft:scale": {
          "value":0.01
        },
      "minecraft:projectile": {
       "onHit": {
          "spawn_chance": {
            "firstSpawnChance": 1,
            "firstSpawnCount": 1,
            "spawnMob": "squid",
            "spawnDefinition": "minecraft:squid"
          },
          "remove_on_hit": {}
        },
        "hitSound": "fizz",
        "power": 1.5,
        "gravity": 0.05,
        "angleoffset": -5.0
      }
    }
  }
}
