{"minecraft:entity":{"component_groups":{"minecraft:adult":{},"minecraft:angry":{"minecraft:angry":{"calm_event":{"event":"minecraft:on_calm","target":"self"},"broadcastRange":20,"broadcastAnger":true,"duration":25}},"minecraft:baby":{"minecraft:ageable":{"duration":-1},"minecraft:is_baby":{},"minecraft:scale":{"max":0.0,"value":0.5}},"minecraft:calm":{"minecraft:on_target_acquired":{"event":"minecraft:become_angry","target":"self"}}},"components":{"minecraft:attack":{"damage":5},"minecraft:attack_damage":{"effect_name":"hunger","effect_duration":30,"max":3,"value":3},"minecraft:behavior.break_door":{"speed_multiplier":0.0},"minecraft:behavior.float":{"speed_multiplier":0.0},"minecraft:behavior.hurt_by_target":{"speed_multiplier":0.0},"minecraft:behavior.look_at_player":{"look_distance":0.0,"probability":0.02,"target_distance":6.0,"speed_multiplier":0.0},"minecraft:behavior.melee_attack":{"track_target":false,"speed_multiplier":1.0},"minecraft:behavior.mount_pathing":{"target_dist":0,"track_target":true,"speed_multiplier":1.25},"minecraft:behavior.move_towards_restriction":{"speed_multiplier":0.0},"minecraft:behavior.nearest_attackable_target":{"entity_types":[{"filters":{"other_with_families":["player","husk","stray","villager","zombie","creeper","witch"]},"max_dist":35,"must_see":false}],"within_radius":25,"speed_multiplier":1.0},"minecraft:behavior.random_look_around":{"speed_multiplier":0.0},"minecraft:behavior.random_stroll":{"xz_dist":0.0,"y_dist":0.0,"speed_multiplier":1.0},"minecraft:behavior.ranged_attack":{"burst_shots":3.0,"burst_interval":0.3,"attack_radius":16.0,"attack_interval_min":3,"attack_interval_max":5,"speed_multiplier":1.0},"minecraft:behavior.summon_entity":{"priority":3.0,"cooldown_time":0.3,"cast_duration":1.0,"particle_color":"#FFB3B3CC","sequence":{"0":{"shape":"circle","target":"circle","base_delay":"self","num_entities_spawned":2,"entity_type":"mobs:zombie_pigman","summon_cap":8,"summon_cap_radi":8,"size":16.0,"sound_event":"prepare_summon"}}},"minecraft:collision_box":{"height":1.8,"width":0.6},"minecraft:equipment":{"table":"loot_tables/entities/zombie_pigman_gear.json"},"minecraft:health":{"max":20,"value":20},"minecraft:hurt_when_wet":{"value":false},"minecraft:identifier":{"id":"minecraft:pig_zombie"},"minecraft:loot":{"table":"loot_tables/entities/zombie_pigman.json"},"minecraft:monster":{},"minecraft:movement":{"value":0.35},"minecraft:nameable":{"allowNameTagRenaming":false,"alwaysShow":false},"minecraft:scale":{"max":1.0,"value":1.0},"minecraft:shooter":{"type":"Arrow","def":"minecraft:arrow.skeleton","auxVal":0},"minecraft:zombie.spawn_reinforcements":{"max":1.0,"value":0.0},"minecraft:type_family":{"family":["zombie_pigman","undead","monster"]},"minecraft:fire_immune":false},"events":{"minecraft:become_angry":{"add":{"component_groups":["minecraft:angry"]},"remove":{"component_groups":["minecraft:calm"]}},"minecraft:entity_spawned":{"randomize":[{"add":{"component_groups":["minecraft:adult","minecraft:calm"]},"remove":{},"weight":95.0},{"add":{"component_groups":["minecraft:baby","minecraft:calm"]},"remove":{},"weight":5.0}]},"minecraft:entity_transformed":{"add":{"component_groups":["minecraft:adult","minecraft:calm"]},"remove":{}},"minecraft:on_calm":{"add":{"component_groups":["minecraft:calm"]},"remove":{"component_groups":["minecraft:angry"]}}},"format_version":0.1}}